library,operation,query_name,requests_per_sec,total_time,avg_request_time,min_request_time,max_request_time,std_dev,response_size_bytes,success_rate,run_number
sparqlwrapper,SELECT,select_simple,318.2100972046462,0.15712889200949576,0.003142577840189915,0.0018661640060599893,0.006714510993333533,0.0010065309287026634,0,1.0,1
sparqlwrapper,SELECT,select_filter,406.47829168411585,0.12300779899669578,0.0024601559799339156,0.0015000899948063307,0.0043391979997977614,0.0007394317846955838,0,1.0,1
sparqlwrapper,SELECT,select_optional,382.4008453459301,0.13075284902879503,0.0026150569805759006,0.0015431279971380718,0.004624904002412222,0.0007315357294767542,0,1.0,1
sparqlwrapper,SELECT,select_join,390.1883547580043,0.1281432400282938,0.002562864800565876,0.0015350350004155189,0.0047535539997625165,0.0006397963606573245,0,1.0,1
sparqlwrapper,ASK,ask_exists,544.2924455470147,0.09186238098482136,0.0018372476196964272,0.0006218769995030016,0.004831695994653273,0.0010711278688241392,0,1.0,1
sparqlwrapper,ASK,ask_not_exists,738.9166677727831,0.06766662897280185,0.0013533325794560368,0.0005866330029675737,0.004330689997004811,0.0007397995070563901,0,1.0,1
sparqlwrapper,CONSTRUCT,construct_simple,126.48455939000877,0.39530516800732585,0.007906103360146516,0.004841493995627388,0.08426623900595587,0.011061947834232444,0,1.0,1
sparqlwrapper,DESCRIBE,describe,411.0869290301695,0.12162877598166233,0.0024325755196332468,0.0011776309984270483,0.0042090540009667166,0.0007709773126913496,0,1.0,1
sparqlwrapper,INSERT,insert_data,177.25560201038843,0.2820785319781862,0.005641570639563724,0.004396377997181844,0.0072634619937161915,0.0007008259378548648,0,1.0,1
sparqlwrapper,DELETE,delete_data,174.09740081688759,0.287195557000814,0.00574391114001628,0.004532881997874938,0.00694239199947333,0.0006630616050889575,0,1.0,1
sparqlwrapper,UPDATE,update_where,506.4863731791975,0.09871933905378683,0.0019743867810757365,0.0008929920004447922,0.003931962004571687,0.0006624959023609579,0,1.0,1
rdflib,SELECT,select_simple,284.564176522208,0.17570728898863308,0.0035141457797726616,0.002387036998698022,0.005398876004619524,0.0008065967557475542,0,1.0,1
rdflib,SELECT,select_filter,200.92934967991985,0.24884368600032758,0.0049768737200065515,0.001785079002729617,0.09049570500064874,0.012380828215866467,0,1.0,1
rdflib,SELECT,select_optional,346.19260452695295,0.14442827300808858,0.0028885654601617716,0.0018097329957527108,0.0048740710044512525,0.0007731445462153319,0,1.0,1
rdflib,SELECT,select_join,368.6368460719058,0.13563484098995104,0.002712696819799021,0.001529348002804909,0.004633821998140775,0.0008365402113960256,0,1.0,1
rdflib,ASK,ask_exists,868.3707469767537,0.057579093001550063,0.0011515818600310013,0.0005569349959841929,0.002798147004796192,0.00046876806833223044,0,1.0,1
rdflib,ASK,ask_not_exists,967.3395221463863,0.05168816000514198,0.0010337632001028397,0.00045654899440705776,0.0024469689960824326,0.0005042767623747509,0,1.0,1
rdflib,CONSTRUCT,construct_simple,110.67153435544006,0.4517873569857329,0.009035747139714658,0.003383219998795539,0.1547113730048295,0.021103450025668793,0,1.0,1
rdflib,DESCRIBE,describe,310.44706199371916,0.16105805504776072,0.0032211611009552144,0.0016932220023591071,0.006207641999935731,0.0011392496670524313,0,1.0,1
rdflib,INSERT,insert_data,176.6507716073163,0.283044333998987,0.00566088667997974,0.0036628849993576296,0.008530207000148948,0.0012424932145497045,0,1.0,1
rdflib,DELETE,delete_data,155.93635740236607,0.32064363201061497,0.006412872640212299,0.004117825003049802,0.00982552400091663,0.0013866559310822184,0,1.0,1
rdflib,UPDATE,update_where,311.5360276998112,0.1604950809996808,0.0032099016199936157,0.0013959639982203953,0.00738532099785516,0.0012421132707180124,0,1.0,1
sparqlite,SELECT,select_simple,321.7297922985374,0.15540991601301357,0.0031081983202602714,0.0015492859965888783,0.009249839000403881,0.001601915966597751,0,1.0,1
sparqlite,SELECT,select_filter,651.7513967871917,0.07671636799932458,0.0015343273599864914,0.0011334599985275418,0.003184599001542665,0.00042071275672259475,0,1.0,1
sparqlite,SELECT,select_optional,557.7529410594153,0.08964542599278502,0.0017929085198557003,0.001116812003601808,0.003994550999777857,0.0005835543830740594,0,1.0,1
sparqlite,SELECT,select_join,633.5916452756887,0.07891518199903658,0.0015783036399807315,0.001180588995339349,0.003160682004818227,0.0004150048600048164,0,1.0,1
sparqlite,ASK,ask_exists,2704.2378309778805,0.018489498012058903,0.00036978996024117805,0.00023183300072560087,0.0016320899958373047,0.00025326805856035883,0,1.0,1
sparqlite,ASK,ask_not_exists,2439.6301324707024,0.020494910000707023,0.00040989820001414046,0.00023786500241840258,0.0012813730063498951,0.0002426323124393314,0,1.0,1
sparqlite,CONSTRUCT,construct_simple,182.71202033705347,0.2736546829692088,0.005473093659384176,0.0028229190065758303,0.07338067399541615,0.009853959084432793,0,1.0,1
sparqlite,DESCRIBE,describe,714.8800041312556,0.0699418080112082,0.0013988361602241639,0.0007793469994794577,0.003950938997149933,0.0006598987950430992,0,1.0,1
sparqlite,INSERT,insert_data,314.26792596893245,0.15909991401713341,0.0031819982803426685,0.002384089006227441,0.004866953000600915,0.0005386703038373583,0,1.0,1
sparqlite,DELETE,delete_data,311.08018921714825,0.16073026098456467,0.0032146052196912935,0.002458153001498431,0.005745144000684377,0.0005962347097818882,0,1.0,1
sparqlite,UPDATE,update_where,1454.8532269704622,0.0343677280106931,0.000687354560213862,0.0005117559994687326,0.0019512509970809333,0.00024785354469348734,0,1.0,1
sparqlwrapper,SELECT,select_simple,346.01935565816063,0.14450058698275825,0.002890011739655165,0.0017705659993225709,0.005427386000519618,0.0009231909471022606,0,1.0,2
sparqlwrapper,SELECT,select_filter,407.78289865851866,0.12261426402255893,0.0024522852804511786,0.0014801729994360358,0.005327437997038942,0.000867683299099318,0,1.0,2
sparqlwrapper,SELECT,select_optional,360.4951660688746,0.13869811499898788,0.0027739622999797577,0.0014315379958134145,0.004368219000753015,0.0008930633738505446,0,1.0,2
sparqlwrapper,SELECT,select_join,409.0415994551648,0.1222369560127845,0.00244473912025569,0.001653681007155683,0.004445373997441493,0.0006863663146128763,0,1.0,2
sparqlwrapper,ASK,ask_exists,1173.1748501440215,0.042619393003406,0.00085238786006812,0.000487944002088625,0.0020475159981288016,0.00037116134824423315,0,1.0,2
sparqlwrapper,ASK,ask_not_exists,1239.8572846137263,0.04032722202828154,0.0008065444405656308,0.0004768690050696023,0.0022607430000789464,0.00033780464535098194,0,1.0,2
sparqlwrapper,CONSTRUCT,construct_simple,137.69104639104268,0.3631318180123344,0.007262636360246688,0.004341194995504338,0.07635413800016977,0.010023020969569207,0,1.0,2
sparqlwrapper,DESCRIBE,describe,481.8162268048902,0.10377400597644737,0.0020754801195289473,0.0011112099964520894,0.0037834209942957386,0.0007127706189295741,0,1.0,2
sparqlwrapper,INSERT,insert_data,182.18508002220238,0.2744461840338772,0.005488923680677544,0.004096428005141206,0.009666794998338446,0.001083502910250584,0,1.0,2
sparqlwrapper,DELETE,delete_data,171.87839072397526,0.29090335201181006,0.005818067040236201,0.0046020980007597245,0.00838700700114714,0.0008970514612399646,0,1.0,2
sparqlwrapper,UPDATE,update_where,521.5672872141093,0.09586490799119929,0.0019172981598239859,0.0009631040011299774,0.00380863399914233,0.0005810589142836492,0,1.0,2
sparqlite,SELECT,select_simple,502.6833994344958,0.099466184990888,0.00198932369981776,0.0014934340069885366,0.0035927619974245317,0.0004576633940519534,0,1.0,2
sparqlite,SELECT,select_filter,650.5105433947663,0.07686270500562387,0.0015372541001124774,0.0011361940050846897,0.00388527999893995,0.0004483235237923813,0,1.0,2
sparqlite,SELECT,select_optional,590.2549379826027,0.08470916002988815,0.0016941832005977632,0.0012028190030832775,0.0027964140026597306,0.0003813165470270617,0,1.0,2
sparqlite,SELECT,select_join,648.931128508684,0.07704977894172771,0.0015409955788345542,0.0011231239986955188,0.003156582999508828,0.00041834093771711366,0,1.0,2
sparqlite,ASK,ask_exists,2614.6004167964284,0.019123381025565322,0.00038246762051130645,0.00023405899992212653,0.001213321003888268,0.00023404024881310714,0,1.0,2
sparqlite,ASK,ask_not_exists,2753.909189173051,0.01815600899135461,0.0003631201798270922,0.0002710050030145794,0.0010012369966716506,0.0001474194030536318,0,1.0,2
sparqlite,CONSTRUCT,construct_simple,207.86215661458272,0.24054402597539593,0.0048108805195079185,0.002652082999702543,0.06738578099611914,0.00904412799782734,0,1.0,2
sparqlite,DESCRIBE,describe,812.609673827052,0.061530156002845615,0.0012306031200569124,0.0008290159967145883,0.0034145499957958236,0.000573302358091406,0,1.0,2
sparqlite,INSERT,insert_data,288.3207730546579,0.17341795899847057,0.003468359179969411,0.002739203999226447,0.006051376003597397,0.000589563247529232,0,1.0,2
sparqlite,DELETE,delete_data,304.9725586806362,0.16394917698926292,0.0032789835397852587,0.0025854839987005107,0.0044942719978280365,0.0004487693382402859,0,1.0,2
sparqlite,UPDATE,update_where,1501.4216498080161,0.03330177102907328,0.0006660354205814656,0.0005313939982443117,0.0014071979967411608,0.000194136856814289,0,1.0,2
rdflib,SELECT,select_simple,223.95702623543346,0.2232571169588482,0.004465142339176964,0.001973385995370336,0.07148856099956902,0.009711169728682538,0,1.0,2
rdflib,SELECT,select_filter,349.2492990033559,0.1431642100433237,0.002863284200866474,0.001798274002794642,0.0048701850028010085,0.0007508444675979609,0,1.0,2
rdflib,SELECT,select_optional,360.6883643473816,0.13862382306251675,0.002772476461250335,0.0017896030039992183,0.0049623140002950095,0.0007094219929667575,0,1.0,2
rdflib,SELECT,select_join,260.2851778959628,0.19209699301427463,0.0038419398602854925,0.0015481470036320388,0.06184391400165623,0.008406876526810986,0,1.0,2
rdflib,ASK,ask_exists,1015.483421428048,0.04923763297847472,0.0009847526595694945,0.0004515370019362308,0.0022340810028254054,0.000442219615868631,0,1.0,2
rdflib,ASK,ask_not_exists,888.4526232430755,0.056277620991750155,0.001125552419835003,0.0005045450016041286,0.003029797000635881,0.00048002088249918533,0,1.0,2
rdflib,CONSTRUCT,construct_simple,218.25081593207668,0.2290942179824924,0.004581884359649849,0.003080968999711331,0.008084713001153432,0.0010372402411893795,0,1.0,2
rdflib,DESCRIBE,describe,363.52377429165097,0.13754258603148628,0.0027508517206297255,0.0012803670033463277,0.005774783006927464,0.000988082567397398,0,1.0,2
rdflib,INSERT,insert_data,256.9061749161371,0.19462358199962182,0.0038924716399924364,0.0025069399998756126,0.0057105449959635735,0.00084647927199493,0,1.0,2
rdflib,DELETE,delete_data,290.8427813280652,0.17191418597940356,0.0034382837195880713,0.0026861980004468933,0.0048988759954227135,0.00048555386241168097,0,1.0,2
rdflib,UPDATE,update_where,795.1252715328498,0.06288317299186019,0.001257663459837204,0.0007242600040626712,0.0036222670023562387,0.0005509696763045263,0,1.0,2
sparqlite,SELECT,select_simple,517.0958401171198,0.0966938739802572,0.0019338774796051439,0.0014361209978233092,0.0026083269985974766,0.00029870294442675937,0,1.0,3
sparqlite,SELECT,select_filter,704.3888001316083,0.07098352499451721,0.0014196704998903442,0.0011113540022051893,0.002326291003555525,0.00031336115095722037,0,1.0,3
sparqlite,SELECT,select_optional,333.77911754909974,0.14979966502141906,0.002995993300428381,0.0011829680006485432,0.06900281500566052,0.009533466788414404,0,1.0,3
sparqlite,SELECT,select_join,618.9210959677646,0.08078574203682365,0.001615714840736473,0.0011249590024817735,0.0032479559959028848,0.0004580025493697675,0,1.0,3
sparqlite,ASK,ask_exists,2497.4579617012087,0.02002035700570559,0.0004004071401141118,0.00024400999973295256,0.001843539997935295,0.00024842937722129846,0,1.0,3
sparqlite,ASK,ask_not_exists,3004.694113262488,0.016640629000903573,0.0003328125800180715,0.0002325100067537278,0.0016883639982552268,0.0002343690364432468,0,1.0,3
sparqlite,CONSTRUCT,construct_simple,217.12158741691357,0.2302857149988995,0.00460571429997799,0.0026235859986627474,0.009743158996570855,0.0017087350105333353,0,1.0,3
sparqlite,DESCRIBE,describe,783.5235038390211,0.06381429498287616,0.0012762858996575232,0.0007767939969198778,0.002879182997276075,0.0004369357869966782,0,1.0,3
sparqlite,INSERT,insert_data,325.9719415763505,0.15338743499887642,0.003067748699977528,0.0023946229994180612,0.004477246002352331,0.0005315813734240054,0,1.0,3
sparqlite,DELETE,delete_data,332.65044633238864,0.15030792999459663,0.0030061585998919327,0.002360263002628926,0.004912189004244283,0.0005486019131091938,0,1.0,3
sparqlite,UPDATE,update_where,1515.3866297280042,0.032994879999023397,0.000659897599980468,0.0004935030010528862,0.0017611500006751157,0.0003086379495996942,0,1.0,3
sparqlwrapper,SELECT,select_simple,347.01716875223326,0.1440850900253281,0.002881701800506562,0.0019211899998481385,0.005049693994806148,0.0007278028523261822,0,1.0,3
sparqlwrapper,SELECT,select_filter,321.4908326982347,0.15552543001103913,0.0031105086002207825,0.00187572499999078,0.0058827230022870935,0.0008848050876824118,0,1.0,3
sparqlwrapper,SELECT,select_optional,247.93884225801594,0.20166263399732998,0.004033252679946599,0.00160224900173489,0.07314855900040129,0.009997510044407985,0,1.0,3
sparqlwrapper,SELECT,select_join,388.3502203978709,0.12874976599414367,0.0025749953198828733,0.001555695998831652,0.005868533997272607,0.0008753073251514696,0,1.0,3
sparqlwrapper,ASK,ask_exists,1011.9554437673401,0.04940929001168115,0.000988185800233623,0.0004791850005858578,0.0027687719993991777,0.0005045372043847266,0,1.0,3
sparqlwrapper,ASK,ask_not_exists,1031.9844385232852,0.048450342983414885,0.0009690068596682977,0.00047226299648173153,0.002899977997003589,0.00045709749130064264,0,1.0,3
sparqlwrapper,CONSTRUCT,construct_simple,157.53031184898722,0.31739923201530473,0.006347984640306095,0.0045273270006873645,0.010306076997949276,0.0013154115318201964,0,1.0,3
sparqlwrapper,DESCRIBE,describe,391.4560551179226,0.127728257990384,0.00255456515980768,0.0012651510041905567,0.004957836004905403,0.0009096048204635469,0,1.0,3
sparqlwrapper,INSERT,insert_data,174.33513036668333,0.2868039269815199,0.005736078539630398,0.004057457001181319,0.008440989993687253,0.0008763382250374194,0,1.0,3
sparqlwrapper,DELETE,delete_data,185.052439535254,0.2701936819939874,0.005403873639879748,0.004018447994894814,0.008001096000953112,0.0008205826682616999,0,1.0,3
sparqlwrapper,UPDATE,update_where,663.7732434409552,0.07532692902896088,0.0015065385805792175,0.0008516010057064705,0.0035977160005131736,0.0005633779695120346,0,1.0,3
rdflib,SELECT,select_simple,232.80990560591826,0.21476749397697859,0.004295349879539572,0.0019859829990309663,0.06857504599611275,0.009301452865303615,0,1.0,3
rdflib,SELECT,select_filter,353.87146723864043,0.14129423994017998,0.0028258847988035995,0.0017597909973119386,0.005192805998376571,0.0010352127234328726,0,1.0,3
rdflib,SELECT,select_optional,242.3683454951984,0.20629756702692248,0.00412595134053845,0.0018594560024212115,0.06752017899998464,0.00917208061354299,0,1.0,3
rdflib,SELECT,select_join,386.98464145098797,0.12920409402431687,0.0025840818804863373,0.0015778189990669489,0.004933686999720521,0.0007913276299281477,0,1.0,3
rdflib,ASK,ask_exists,953.5760460672543,0.05243420302576851,0.0010486840605153703,0.00045421600225381553,0.0023452690002159216,0.0005537502805295834,0,1.0,3
rdflib,ASK,ask_not_exists,1102.6488928743495,0.04534535002312623,0.0009069070004625246,0.0004528959980234504,0.0029235229958430864,0.00041644799566388214,0,1.0,3
rdflib,CONSTRUCT,construct_simple,227.84921579780323,0.21944337102468126,0.0043888674204936255,0.003102433998719789,0.007424052004353143,0.0009441126540607257,0,1.0,3
rdflib,DESCRIBE,describe,558.1664473883226,0.08957901399116963,0.0017915802798233926,0.0009935170019161887,0.004281633999198675,0.0006997268336310357,0,1.0,3
rdflib,INSERT,insert_data,262.9566567925788,0.19014540498756105,0.003802908099751221,0.0025957879988709465,0.00608822100184625,0.0007262376207401331,0,1.0,3
rdflib,DELETE,delete_data,253.73217057136085,0.19705818102374906,0.003941163620474981,0.0025419459998374805,0.006343016000755597,0.0008858613617086633,0,1.0,3
rdflib,UPDATE,update_where,604.198692686653,0.08275423400482396,0.0016550846800964792,0.0007686610042583197,0.003860904005705379,0.000623481534640583,0,1.0,3
sparqlwrapper,SELECT,select_simple,220.56661199171478,0.22668888798943954,0.004533777759788791,0.0019577630009735003,0.07687082800111966,0.010456304455034194,0,1.0,4
sparqlwrapper,SELECT,select_filter,374.4940464060546,0.13351347098796396,0.0026702694197592793,0.0017353899966110475,0.0046906770003261045,0.0007187614487254792,0,1.0,4
sparqlwrapper,SELECT,select_optional,335.2997637309155,0.14912029595143395,0.0029824059190286787,0.001584453995747026,0.0054405359987868,0.0009298577721864779,0,1.0,4
sparqlwrapper,SELECT,select_join,350.3836609920832,0.1427007180027431,0.0028540143600548616,0.0015702189994044602,0.006497492999187671,0.0010427889400426032,0,1.0,4
sparqlwrapper,ASK,ask_exists,857.8911685637711,0.05828245100565255,0.001165649020113051,0.0006156429953989573,0.0032921750025707297,0.0006174889172845157,0,1.0,4
sparqlwrapper,ASK,ask_not_exists,777.1213605435404,0.064340015007474,0.00128680030014948,0.000588075999985449,0.003066436998778954,0.0006094556742671516,0,1.0,4
sparqlwrapper,CONSTRUCT,construct_simple,167.73462744013568,0.29808991001482354,0.005961798200296471,0.004708316999312956,0.008757410003454424,0.0008433614633207628,0,1.0,4
sparqlwrapper,DESCRIBE,describe,388.51243323481935,0.12869601001875708,0.0025739202003751418,0.001218736004375387,0.005114917003083974,0.0007992218523708094,0,1.0,4
sparqlwrapper,INSERT,insert_data,178.7058894365029,0.27978932399855694,0.0055957864799711385,0.004357523001090158,0.008663907996378839,0.0008837998200368996,0,1.0,4
sparqlwrapper,DELETE,delete_data,183.3644999673794,0.2726809170198976,0.005453618340397952,0.0042363860047771595,0.008517627997207455,0.0007707458537945381,0,1.0,4
sparqlwrapper,UPDATE,update_where,652.2052755634672,0.07666298000549432,0.0015332596001098864,0.0008635529957246035,0.0037365289972512983,0.0006021998508852257,0,1.0,4
rdflib,SELECT,select_simple,210.48000844608308,0.23755225196509855,0.004751045039301971,0.0021880170024815015,0.07633404800435528,0.010361165701460303,0,1.0,4
rdflib,SELECT,select_filter,327.3359837340367,0.15274825404048897,0.0030549650808097796,0.001854745001764968,0.00575612900138367,0.0009247325143787777,0,1.0,4
rdflib,SELECT,select_optional,220.70767127872978,0.22654400597093627,0.004530880119418725,0.00182474799657939,0.07432875399535988,0.010105007924853275,0,1.0,4
rdflib,SELECT,select_join,324.4986310044835,0.1540838549772161,0.003081677099544322,0.0017581950014573522,0.005394091000198387,0.0009099287992609139,0,1.0,4
rdflib,ASK,ask_exists,734.4704088921783,0.068076262017712,0.00136152524035424,0.0005635089983115904,0.002453697001328692,0.00047128749276059153,0,1.0,4
rdflib,ASK,ask_not_exists,432.1887321071439,0.11569019802118419,0.002313803960423684,0.000694996997481212,0.005411718004324939,0.0012301570520480338,0,1.0,4
rdflib,CONSTRUCT,construct_simple,161.77509732563837,0.30907105498044984,0.006181421099608997,0.0034059629979310557,0.07080026000039652,0.009380489311722561,0,1.0,4
rdflib,DESCRIBE,describe,483.97677298422843,0.1033107429757365,0.00206621485951473,0.0011466500000096858,0.004246259995852597,0.0007596773642850934,0,1.0,4
rdflib,INSERT,insert_data,276.7294634701304,0.18068188104371075,0.0036136376208742147,0.0027417730016168207,0.005888075000257231,0.0007038307718209794,0,1.0,4
rdflib,DELETE,delete_data,280.50217389042024,0.17825173796882154,0.003565034759376431,0.0024582569967606105,0.00606323400279507,0.000731702679068815,0,1.0,4
rdflib,UPDATE,update_where,715.7739106296531,0.06985445998725481,0.0013970891997450963,0.0007588049993501045,0.0031757359975017607,0.0006064854489789627,0,1.0,4
sparqlite,SELECT,select_simple,516.3382005032063,0.09683575600502081,0.0019367151201004163,0.0014578730042558163,0.0030320980004034936,0.00037105544710640693,0,1.0,4
sparqlite,SELECT,select_filter,695.3751363343197,0.07190363501285901,0.0014380727002571802,0.0010838220041478053,0.0031733459982206114,0.0003714118086307623,0,1.0,4
sparqlite,SELECT,select_optional,598.9834675452375,0.0834747580011026,0.001669495160022052,0.0011816129990620539,0.002773221000097692,0.000444405640249743,0,1.0,4
sparqlite,SELECT,select_join,678.3454692678655,0.07370875500055263,0.0014741751000110525,0.0011418740032240748,0.003268676999141462,0.00041041972613535457,0,1.0,4
sparqlite,ASK,ask_exists,3399.2017095040055,0.014709335977386218,0.00029418671954772435,0.00023569299810333177,0.0006953120027901605,0.00010188824167672293,0,1.0,4
sparqlite,ASK,ask_not_exists,2652.7107199179504,0.018848644001991488,0.00037697288003982974,0.00024452200159430504,0.001199828002427239,0.00014297646047625487,0,1.0,4
sparqlite,CONSTRUCT,construct_simple,205.8444805865799,0.24290182499680668,0.004858036499936134,0.002684380000573583,0.0724138759978814,0.009771154676203073,0,1.0,4
sparqlite,DESCRIBE,describe,803.1115237174988,0.06225785401329631,0.0012451570802659263,0.0007716589971096255,0.0026492830002098344,0.0004471352736232998,0,1.0,4
sparqlite,INSERT,insert_data,322.3599949430263,0.15510609500051942,0.0031021219000103885,0.0023829569981899112,0.005255447002127767,0.0005430734917042221,0,1.0,4
sparqlite,DELETE,delete_data,319.8973461932963,0.15630014001362724,0.003126002800272545,0.0024094539985526353,0.0055581289998372085,0.0005398045795734239,0,1.0,4
sparqlite,UPDATE,update_where,1610.0321760070588,0.03105527997831814,0.0006211055995663628,0.0004972669994458556,0.0012027529955958016,0.00013506848880502357,0,1.0,4
rdflib,SELECT,select_simple,290.91524010791335,0.17187136700522387,0.0034374273401044774,0.0018867520047933795,0.008571533995564096,0.0013902543647586133,0,1.0,5
rdflib,SELECT,select_filter,237.81421193273772,0.21024815797863994,0.0042049631595727985,0.001789813002687879,0.0806333660002565,0.01105165985896853,0,1.0,5
rdflib,SELECT,select_optional,367.75481379301704,0.13596015096118208,0.0027192030192236417,0.001781847997335717,0.004891625001619104,0.0007417448913655596,0,1.0,5
rdflib,SELECT,select_join,362.37163136436226,0.1379798959751497,0.002759597919502994,0.0016048110046540387,0.005581154997344129,0.0009468890599400796,0,1.0,5
rdflib,ASK,ask_exists,1129.8072616273635,0.04425533601897769,0.0008851067203795537,0.00046294299681903794,0.0020960460024070926,0.00041008084375382446,0,1.0,5
rdflib,ASK,ask_not_exists,1366.0941267653038,0.03660069904435659,0.0007320139808871317,0.00040330800402443856,0.002315050005563535,0.0003537497298430631,0,1.0,5
rdflib,CONSTRUCT,construct_simple,169.33232892401114,0.2952773420038284,0.005905546840076568,0.0029257789938128553,0.08094473100209143,0.01087866833537322,0,1.0,5
rdflib,DESCRIBE,describe,460.38821203342513,0.10860399700322887,0.0021720799400645773,0.0011549359987839125,0.004847837000852451,0.0010037464091236772,0,1.0,5
rdflib,INSERT,insert_data,238.9878611928267,0.2092156469807378,0.004184312939614756,0.0028430669990484603,0.007588091000798158,0.0009264988194674311,0,1.0,5
rdflib,DELETE,delete_data,241.4773678065158,0.20705874200211838,0.004141174840042367,0.002957994998723734,0.006472734996350482,0.0008982259239450099,0,1.0,5
rdflib,UPDATE,update_where,602.0162245787087,0.08305423999991035,0.001661084799998207,0.0008140380014083348,0.0046493069967255,0.0007677444376455548,0,1.0,5
sparqlwrapper,SELECT,select_simple,280.06617042563613,0.1785292380154715,0.00357058476030943,0.0019819419976556674,0.007182865003414918,0.0010824545331743435,0,1.0,5
sparqlwrapper,SELECT,select_filter,323.0298190969646,0.15478447203349788,0.0030956894406699575,0.00154791800014209,0.0074142060038866475,0.001287215409880075,0,1.0,5
sparqlwrapper,SELECT,select_optional,307.7461812280037,0.1624715530197136,0.003249431060394272,0.001610068000445608,0.006678523997834418,0.0011938766411452638,0,1.0,5
sparqlwrapper,SELECT,select_join,331.3656948900373,0.1508906949966331,0.003017813899932662,0.0016959639979177155,0.0051144589961040765,0.0008598091110912111,0,1.0,5
sparqlwrapper,ASK,ask_exists,732.9939180075859,0.06821339000453008,0.0013642678000906016,0.0005933069987804629,0.002931838003860321,0.0005842341283055698,0,1.0,5
sparqlwrapper,ASK,ask_not_exists,727.4284659122305,0.06873528098367387,0.0013747056196734774,0.0005920769981457852,0.003092101003858261,0.0006383912565466148,0,1.0,5
sparqlwrapper,CONSTRUCT,construct_simple,132.66814973117556,0.37688020901259733,0.007537604180251947,0.004674932002671994,0.07488037600705866,0.009777956173827002,0,1.0,5
sparqlwrapper,DESCRIBE,describe,343.75090150917305,0.14545416399050737,0.0029090832798101475,0.001221753002027981,0.006959950995224062,0.0013067251051729334,0,1.0,5
sparqlwrapper,INSERT,insert_data,171.06433908739785,0.2922876869997708,0.005845753739995416,0.00477990299987141,0.008778456998697948,0.0009370388847644763,0,1.0,5
sparqlwrapper,DELETE,delete_data,147.79845655742423,0.33829852601047605,0.006765970520209521,0.004921874999126885,0.013021766004385427,0.0017041086702515359,0,1.0,5
sparqlwrapper,UPDATE,update_where,634.1673567284291,0.07884354101406643,0.0015768708202813287,0.0008747750034672208,0.004175738999038003,0.0006508083056974475,0,1.0,5
sparqlite,SELECT,select_simple,488.924103898223,0.1022653610270936,0.002045307220541872,0.0015299520018743351,0.003455358004430309,0.00037249526655094324,0,1.0,5
sparqlite,SELECT,select_filter,497.6402545421071,0.10047418701287825,0.0020094837402575647,0.0012895830004708841,0.00379647700174246,0.0005645630311424479,0,1.0,5
sparqlite,SELECT,select_optional,520.2057538491053,0.09611581500212196,0.0019223163000424393,0.0012857930050813593,0.003567503001249861,0.0005208573133140716,0,1.0,5
sparqlite,SELECT,select_join,507.75489479222176,0.09847270900354488,0.0019694541800708977,0.0011315709998598322,0.004603060006047599,0.0007135811366717568,0,1.0,5
sparqlite,ASK,ask_exists,2115.418327381205,0.023635986959561706,0.0004727197391912341,0.00025718300457810983,0.002146138998796232,0.0002692575276969225,0,1.0,5
sparqlite,ASK,ask_not_exists,1843.4349320277363,0.02712327901099343,0.0005424655802198686,0.00027199099713470787,0.0025004440030897968,0.00038909147206016477,0,1.0,5
sparqlite,CONSTRUCT,construct_simple,156.1419629291907,0.3202214130142238,0.006404428260284476,0.002984418999403715,0.1060102650008048,0.014407721574929084,0,1.0,5
sparqlite,DESCRIBE,describe,540.6995764268656,0.09247279298870126,0.0018494558597740253,0.0010108210044563748,0.003962271002819762,0.0007366631320695373,0,1.0,5
sparqlite,INSERT,insert_data,257.0881635711432,0.19448581103642937,0.0038897162207285874,0.0025471349945291877,0.006531763996463269,0.0008068193768696277,0,1.0,5
sparqlite,DELETE,delete_data,313.97266526683677,0.15924953198555158,0.0031849906397110315,0.0024807469962979667,0.004222477997245733,0.0004587001079584382,0,1.0,5
sparqlite,UPDATE,update_where,1491.7143787303814,0.03351848095917376,0.0006703696191834752,0.0004946109984302893,0.001689955999609083,0.00026171954098204583,0,1.0,5
rdflib,SELECT,select_simple,200.93334423939916,0.24883873898215825,0.004976774779643165,0.0020727529990836047,0.08693651600333396,0.011861615668245628,0,1.0,6
rdflib,SELECT,select_filter,331.83573208925213,0.1506769620173145,0.00301353924034629,0.0018424590016365983,0.005817304998345207,0.0009770300860589538,0,1.0,6
rdflib,SELECT,select_optional,336.2936863411862,0.1486795679811621,0.002973591359623242,0.001830881999921985,0.0060176440019859,0.0009616962721165047,0,1.0,6
rdflib,SELECT,select_join,233.1999100395992,0.2144083159873844,0.004288166319747688,0.0016818440053611994,0.07129532100225333,0.009717880108087364,0,1.0,6
rdflib,ASK,ask_exists,941.3232727818797,0.053116714996576775,0.0010623342999315354,0.00046798999392194673,0.0030070150023675524,0.0005943140286698669,0,1.0,6
rdflib,ASK,ask_not_exists,1015.3097743282975,0.049246054026298225,0.0009849210805259645,0.0004262289949110709,0.0027702959996531717,0.0006201213138582572,0,1.0,6
rdflib,CONSTRUCT,construct_simple,235.208571461057,0.2125772869985667,0.004251545739971334,0.0030136459972709417,0.006119691002822947,0.0008010056796199906,0,1.0,6
rdflib,DESCRIBE,describe,420.03842358976084,0.1190367290037102,0.002380734580074204,0.001156257996626664,0.004554539002128877,0.0007885228380918504,0,1.0,6
rdflib,INSERT,insert_data,259.00615285790377,0.19304560701857554,0.0038609121403715106,0.0026710550009738654,0.005962003000604454,0.0007976195562231285,0,1.0,6
rdflib,DELETE,delete_data,255.1527485139769,0.19596104800439207,0.003919220960087841,0.0028139220012235455,0.0054553479931200854,0.0006893310036391173,0,1.0,6
rdflib,UPDATE,update_where,727.5623341828136,0.06872263399418443,0.0013744526798836886,0.0007303129968931898,0.0036707539984490722,0.0005610874970843418,0,1.0,6
sparqlwrapper,SELECT,select_simple,359.1420753210399,0.13922066902159713,0.002784413380431943,0.0019005879948963411,0.005346604993974324,0.0006842239709587153,0,1.0,6
sparqlwrapper,SELECT,select_filter,395.0834362439905,0.1265555460267933,0.0025311109205358663,0.0014583340016542934,0.00512346899631666,0.000795925231248987,0,1.0,6
sparqlwrapper,SELECT,select_optional,246.23651492813931,0.2030568050176953,0.004061136100353906,0.001677829000982456,0.0761012969960575,0.010416020892192313,0,1.0,6
sparqlwrapper,SELECT,select_join,364.1370427683845,0.1373109410124016,0.002746218820248032,0.001564810001582373,0.005896599002880976,0.0008918568435372754,0,1.0,6
sparqlwrapper,ASK,ask_exists,837.0550195306216,0.05973322999489028,0.0011946645998978057,0.0005693230050383136,0.003259544995671604,0.0005861448562638919,0,1.0,6
sparqlwrapper,ASK,ask_not_exists,841.739746393407,0.05940078297862783,0.0011880156595725567,0.0005083299984107725,0.003218316000129562,0.0006176617612569776,0,1.0,6
sparqlwrapper,CONSTRUCT,construct_simple,171.40261578527532,0.2917108339970582,0.005834216679941165,0.004739919000712689,0.008526906996848993,0.0008907551813280517,0,1.0,6
sparqlwrapper,DESCRIBE,describe,399.3328936782224,0.12520881898672087,0.0025041763797344174,0.0012249569990672171,0.005357175999961328,0.0009008458796213293,0,1.0,6
sparqlwrapper,INSERT,insert_data,169.12699028408733,0.2956358409501263,0.005912716819002526,0.004496123001445085,0.008556454995414242,0.0010737852583865446,0,1.0,6
sparqlwrapper,DELETE,delete_data,171.64495154667694,0.29129898403334664,0.005825979680666933,0.004285851005988661,0.008689776004757732,0.0010086965790274637,0,1.0,6
sparqlwrapper,UPDATE,update_where,560.2410007063581,0.08924730595754227,0.0017849461191508454,0.00097277599707013,0.0030265300010796636,0.0004925180557698552,0,1.0,6
sparqlite,SELECT,select_simple,477.23189168111827,0.10477086898754351,0.00209541737975087,0.0014751380003872328,0.003668439996545203,0.0005251339013541292,0,1.0,6
sparqlite,SELECT,select_filter,626.6481788604888,0.07978958798048552,0.0015957917596097105,0.0010564929980318993,0.0035392079953453504,0.0005347416342504237,0,1.0,6
sparqlite,SELECT,select_optional,328.01841597123405,0.15243046599061927,0.003048609319812385,0.0012754330018651672,0.06888259400147945,0.00951103160611175,0,1.0,6
sparqlite,SELECT,select_join,562.0683414239418,0.08895715398830362,0.0017791430797660724,0.001206310000270605,0.003661921000457369,0.0005762413654089349,0,1.0,6
sparqlite,ASK,ask_exists,3028.3865256069794,0.016510441972059198,0.00033020883944118396,0.00023670100199524313,0.0009347740051453002,0.00014968694935842578,0,1.0,6
sparqlite,ASK,ask_not_exists,3301.9114650113397,0.015142743992328178,0.0003028548798465636,0.0002314769953954965,0.0008726020023459569,0.000115533953482884,0,1.0,6
sparqlite,CONSTRUCT,construct_simple,250.63289445892374,0.19949496297340374,0.0039898992594680745,0.0029020139991189353,0.006598487998417113,0.0008634406312385195,0,1.0,6
sparqlite,DESCRIBE,describe,821.5531648488048,0.0608603339860565,0.00121720667972113,0.0008366729962290265,0.002915021002991125,0.0004094209301252864,0,1.0,6
sparqlite,INSERT,insert_data,333.07047852409204,0.15011837801284855,0.003002367560256971,0.002347324996662792,0.004634292999980971,0.0004908796467509956,0,1.0,6
sparqlite,DELETE,delete_data,324.6185585199653,0.15402693003125023,0.0030805386006250044,0.0024628860046504997,0.004515111999353394,0.0004194074933807316,0,1.0,6
sparqlite,UPDATE,update_where,1512.1016523797057,0.03306655999040231,0.0006613311998080462,0.00048383200191892684,0.001585126003192272,0.00023186427233200013,0,1.0,6
sparqlite,SELECT,select_simple,494.5494273259554,0.10110212900326587,0.0020220425800653173,0.001466018999053631,0.0044496480040834285,0.0005212806556622703,0,1.0,7
sparqlite,SELECT,select_filter,240.35484951799714,0.20802575899870135,0.004160515179974027,0.0011435299966251478,0.12713992600038182,0.017755549671031434,0,1.0,7
sparqlite,SELECT,select_optional,583.9361500460474,0.08562580000580056,0.0017125160001160112,0.0011887090004165657,0.0038667379994876683,0.0005507976825431702,0,1.0,7
sparqlite,SELECT,select_join,607.9049159212012,0.08224970499577466,0.0016449940999154933,0.0011339959964971058,0.003321079995657783,0.0004513598158734121,0,1.0,7
sparqlite,ASK,ask_exists,2563.4747101283856,0.019504775998939294,0.0003900955199787859,0.0002455139983794652,0.0010618489977787249,0.00014252850481411922,0,1.0,7
sparqlite,ASK,ask_not_exists,2649.916924896006,0.018868516039219685,0.0003773703207843937,0.00024362600379390642,0.001033052001730539,0.00016327406323586612,0,1.0,7
sparqlite,CONSTRUCT,construct_simple,250.6964171162065,0.19944441398547497,0.003988888279709499,0.0026963840064127,0.006476985996414442,0.0010080500623697254,0,1.0,7
sparqlite,DESCRIBE,describe,634.9674330420657,0.07874419599829707,0.0015748839199659415,0.0008709300018381327,0.004253268998581916,0.0008334456760496535,0,1.0,7
sparqlite,INSERT,insert_data,292.203789562467,0.1711134550132556,0.0034222691002651117,0.002526819000195246,0.005639794995659031,0.0007651459360861737,0,1.0,7
sparqlite,DELETE,delete_data,331.767631198751,0.1507078909999109,0.0030141578199982177,0.0023763080025673844,0.004783944001246709,0.0004894617956275957,0,1.0,7
sparqlite,UPDATE,update_where,1303.1931174392953,0.03836729900649516,0.0007673459801299031,0.0004897500039078295,0.0016196569995372556,0.0002692274069075583,0,1.0,7
rdflib,SELECT,select_simple,219.1928263628037,0.22810965499957092,0.004562193099991419,0.0020776330056833103,0.07773505800287239,0.010590035887707759,0,1.0,7
rdflib,SELECT,select_filter,342.4700508011453,0.14599816796544474,0.0029199633593088945,0.0018203219951828942,0.006448223000916187,0.0008172185926814874,0,1.0,7
rdflib,SELECT,select_optional,224.20682731889448,0.22300837399961893,0.0044601674799923784,0.0017513269995106384,0.07385378499748185,0.01005185973612521,0,1.0,7
rdflib,SELECT,select_join,367.0654570225705,0.13621548702940345,0.002724309740588069,0.0017740809998940676,0.005094535001262557,0.0007696111004920247,0,1.0,7
rdflib,ASK,ask_exists,856.973387177441,0.05834486898675095,0.0011668973797350191,0.00048306800454156473,0.0030681310017826036,0.0005387019269393144,0,1.0,7
rdflib,ASK,ask_not_exists,1120.8683687037064,0.04460827104776399,0.0008921654209552799,0.00042843600385822356,0.0033144499975605868,0.000625920265273996,0,1.0,7
rdflib,CONSTRUCT,construct_simple,231.27712568133433,0.21619085697602713,0.0043238171395205425,0.0030776480052736588,0.006960291000723373,0.000822509472192623,0,1.0,7
rdflib,DESCRIBE,describe,480.1194215104859,0.1041407569864532,0.002082815139729064,0.0010952919983537868,0.005072034997283481,0.0008095463896986363,0,1.0,7
rdflib,INSERT,insert_data,268.7399271364494,0.1860534849911346,0.003721069699822692,0.002519574001780711,0.007047230996249709,0.0009084223808319576,0,1.0,7
rdflib,DELETE,delete_data,254.2073011961166,0.19668986596661853,0.003933797319332371,0.0027605439972830936,0.00560054700326873,0.000728096847657461,0,1.0,7
rdflib,UPDATE,update_where,657.9783868436413,0.07599033798032906,0.0015198067596065813,0.000813389997347258,0.00433485100074904,0.0007193815047722285,0,1.0,7
sparqlwrapper,SELECT,select_simple,220.1228964246116,0.22714583903871244,0.004542916780774248,0.0020067590012331493,0.08032595099939499,0.010955811994638515,0,1.0,7
sparqlwrapper,SELECT,select_filter,393.74537060181933,0.12698561997967772,0.0025397123995935544,0.0014808949999860488,0.0037207770001259632,0.0006282486817788975,0,1.0,7
sparqlwrapper,SELECT,select_optional,352.245549481709,0.14194643501832616,0.002838928700366523,0.0016535250033484772,0.00486548100161599,0.0007963760147073706,0,1.0,7
sparqlwrapper,SELECT,select_join,390.36976210680956,0.1280836910373182,0.002561673820746364,0.0016676579980412498,0.004521243005001452,0.000695191078842314,0,1.0,7
sparqlwrapper,ASK,ask_exists,873.4449233914639,0.057244593976065516,0.0011448918795213103,0.00047356000141007826,0.002158832001441624,0.00045993383667977477,0,1.0,7
sparqlwrapper,ASK,ask_not_exists,639.1023771351748,0.0782347269996535,0.0015646945399930702,0.0006905319969519041,0.003975140003603883,0.0007568815081776118,0,1.0,7
sparqlwrapper,CONSTRUCT,construct_simple,149.27091577548742,0.33496143398224376,0.006699228679644875,0.005126179996295832,0.009764271999301855,0.0011736745780167492,0,1.0,7
sparqlwrapper,DESCRIBE,describe,265.8819999891011,0.18805334698117804,0.003761066939623561,0.0012075669947080314,0.07164301099692238,0.009833915589948908,0,1.0,7
sparqlwrapper,INSERT,insert_data,168.36687238876618,0.29697053399286233,0.005939410679857247,0.004246017000696156,0.008332962999702431,0.0008628816880950319,0,1.0,7
sparqlwrapper,DELETE,delete_data,176.02160101774228,0.28405604602448875,0.005681120920489775,0.004319804000260774,0.007521206003730185,0.0007675517991406621,0,1.0,7
sparqlwrapper,UPDATE,update_where,608.2676295640638,0.08220065900241025,0.001644013180048205,0.0008726660016691312,0.003703031994518824,0.0006775899041268634,0,1.0,7
rdflib,SELECT,select_simple,318.88985112587216,0.15679395196639234,0.003135879039327847,0.002141368000593502,0.005857317999470979,0.0007649219242386908,0,1.0,8
rdflib,SELECT,select_filter,340.8984076370766,0.14667126299173106,0.002933425259834621,0.001902827003505081,0.005057740003394429,0.0007575128301006925,0,1.0,8
rdflib,SELECT,select_optional,216.7236654362535,0.23070853798708413,0.004614170759741683,0.0017193050007335842,0.07852132999687456,0.01070376510226214,0,1.0,8
rdflib,SELECT,select_join,384.3828979339617,0.13007862802624004,0.002601572560524801,0.0016015729997889139,0.004646799003239721,0.0006463273474655608,0,1.0,8
rdflib,ASK,ask_exists,1132.874769061217,0.04413550496974494,0.0008827100993948989,0.0004408530003274791,0.002250008001283277,0.00039082421039478033,0,1.0,8
rdflib,ASK,ask_not_exists,787.0880032799206,0.06352529805008089,0.0012705059610016178,0.0005371380029828288,0.0038736029964638874,0.0008114629242950029,0,1.0,8
rdflib,CONSTRUCT,construct_simple,179.09007854204972,0.27918911202141317,0.005583782240428263,0.003082385999732651,0.0645820320060011,0.008579689664387602,0,1.0,8
rdflib,DESCRIBE,describe,481.0240810191837,0.10394490000180667,0.0020788980000361335,0.0011784199959947728,0.004046280002512503,0.000713958851794348,0,1.0,8
rdflib,INSERT,insert_data,271.472492795576,0.18418072300846688,0.0036836144601693375,0.0027338149957358837,0.00567071299883537,0.0006502952699924239,0,1.0,8
rdflib,DELETE,delete_data,253.87665465446716,0.19694603297830326,0.003938920659566065,0.002843594003934413,0.0060939309987588786,0.0007372267758003109,0,1.0,8
rdflib,UPDATE,update_where,645.7763112200935,0.07742619097552961,0.0015485238195105922,0.0007747630006633699,0.0035498650031513534,0.0006995945167482932,0,1.0,8
sparqlwrapper,SELECT,select_simple,359.7896523288598,0.13897008898493368,0.0027794017796986736,0.0019337590056238696,0.0048860890019568615,0.0006253685621018075,0,1.0,8
sparqlwrapper,SELECT,select_filter,340.5596202361103,0.14681717100029346,0.002936343420005869,0.0017732659980538301,0.0049063429978559725,0.0007930410363791061,0,1.0,8
sparqlwrapper,SELECT,select_optional,320.05975333810204,0.1562208290124545,0.0031244165802490897,0.0018031729996437207,0.005226068999036215,0.0009235092280604336,0,1.0,8
sparqlwrapper,SELECT,select_join,320.81217536300426,0.15585443396412302,0.00311708867928246,0.001645648997509852,0.0054538859985768795,0.0008292893606738189,0,1.0,8
sparqlwrapper,ASK,ask_exists,891.53329558481,0.05608315499557648,0.0011216630999115295,0.0004861599954892881,0.002601337000669446,0.0004972750722174543,0,1.0,8
sparqlwrapper,ASK,ask_not_exists,825.8004639510914,0.06054731400945457,0.0012109462801890914,0.0005334079978638329,0.0024947290003183298,0.0005559595980598891,0,1.0,8
sparqlwrapper,CONSTRUCT,construct_simple,127.03432030208195,0.39359442299610237,0.007871888459922047,0.004728217005322222,0.07684719200187828,0.01002099648145173,0,1.0,8
sparqlwrapper,DESCRIBE,describe,409.77668492212285,0.1220176789938705,0.00244035357987741,0.001207101006002631,0.00433578099909937,0.0008284292937867389,0,1.0,8
sparqlwrapper,INSERT,insert_data,185.58115076864578,0.26942391397460597,0.005388478279492119,0.004123886996239889,0.00778136800363427,0.0007917692290169692,0,1.0,8
sparqlwrapper,DELETE,delete_data,179.1126693407266,0.2791538989622495,0.00558307797924499,0.004401369995321147,0.0076257090040599,0.0008682825436918253,0,1.0,8
sparqlwrapper,UPDATE,update_where,582.5852248531853,0.08582435301650548,0.0017164870603301097,0.0009197660037898459,0.004044380999403074,0.000633865206083242,0,1.0,8
sparqlite,SELECT,select_simple,487.25694459071354,0.1026152639897191,0.002052305279794382,0.0014925050054444,0.004112866998184472,0.0005042297254926834,0,1.0,8
sparqlite,SELECT,select_filter,655.0864843249207,0.07632580002245959,0.0015265160004491918,0.0010813359986059368,0.002839780005160719,0.0003909853809145596,0,1.0,8
sparqlite,SELECT,select_optional,628.2735168997145,0.07958317302109208,0.0015916634604218416,0.0011652419998426922,0.0032571560004726052,0.00043296531896022916,0,1.0,8
sparqlite,SELECT,select_join,609.6419678575863,0.08201535103580682,0.0016403070207161364,0.0011882850012625568,0.0032351019981433637,0.00041609217143796193,0,1.0,8
sparqlite,ASK,ask_exists,2538.3484816687196,0.01969784699031152,0.0003939569398062304,0.0002451309992466122,0.0012895570034743287,0.00016021041138891904,0,1.0,8
sparqlite,ASK,ask_not_exists,2807.137945865783,0.01781173599738395,0.000356234719947679,0.0003044659970328212,0.0006117029988672584,5.0323657695412094e-05,0,1.0,8
sparqlite,CONSTRUCT,construct_simple,181.97395085642538,0.2747646010029712,0.0054952920200594235,0.0027340460001141764,0.08022504100517835,0.010815316946447549,0,1.0,8
sparqlite,DESCRIBE,describe,659.7194251383764,0.07578979501704453,0.0015157959003408905,0.0008887639996828511,0.003444228001171723,0.0005507854508890618,0,1.0,8
sparqlite,INSERT,insert_data,312.6221356063954,0.1599374910001643,0.003198749820003286,0.0025431260000914335,0.004169492996879853,0.00043040173189892115,0,1.0,8
sparqlite,DELETE,delete_data,327.594315551956,0.15262780099146767,0.003052556019829353,0.0023850069992477074,0.004310086005716585,0.00042909576049031015,0,1.0,8
sparqlite,UPDATE,update_where,1636.4121873285724,0.030554648998077027,0.0006110929799615406,0.0004880249980487861,0.001308733997575473,0.00013423483136761505,0,1.0,8
rdflib,SELECT,select_simple,331.8261744195939,0.1506813020023401,0.003013626040046802,0.001978493994101882,0.00513234000391094,0.0007260467902562041,0,1.0,9
rdflib,SELECT,select_filter,238.99997588965047,0.20920504202513257,0.0041841008405026515,0.0018182010026066564,0.07517742799973348,0.010271680703293736,0,1.0,9
rdflib,SELECT,select_optional,395.2089670862708,0.12651534799078945,0.002530306959815789,0.0017605820030439645,0.00414741100394167,0.0005584730661922086,0,1.0,9
rdflib,SELECT,select_join,384.9831501664907,0.12987581398920156,0.0025975162797840312,0.0015555200006929226,0.004318694001995027,0.000693024479457915,0,1.0,9
rdflib,ASK,ask_exists,1029.635016885273,0.048560896997514647,0.000971217939950293,0.0004770619998453185,0.002262820999021642,0.00042277244779701927,0,1.0,9
rdflib,ASK,ask_not_exists,955.3553280266774,0.05233654801850207,0.0010467309603700414,0.0004409670000313781,0.003330266001285054,0.0005674545673788969,0,1.0,9
rdflib,CONSTRUCT,construct_simple,164.3534499387279,0.30422239398467354,0.006084447879693471,0.003093248997174669,0.07261370500054909,0.00965044921525597,0,1.0,9
rdflib,DESCRIBE,describe,516.754995497845,0.09675765195424901,0.0019351530390849803,0.0010545819968683645,0.0038565430004382506,0.0007123629984246534,0,1.0,9
rdflib,INSERT,insert_data,233.8545748931032,0.21380809001857415,0.004276161800371483,0.0025052779965335503,0.008083283006271813,0.001335283712471353,0,1.0,9
rdflib,DELETE,delete_data,256.65230986758576,0.19481609195645433,0.0038963218391290864,0.002981755998916924,0.005178116996830795,0.0006030030164014689,0,1.0,9
rdflib,UPDATE,update_where,684.2834999743051,0.07306912997592008,0.0014613825995184015,0.0007579720040666871,0.0034887159999925643,0.000626269643053586,0,1.0,9
sparqlwrapper,SELECT,select_simple,345.7131434681835,0.14462857702892506,0.0028925715405785013,0.0019664030041894875,0.004581943001539912,0.0005867548863712561,0,1.0,9
sparqlwrapper,SELECT,select_filter,380.709539056958,0.13133371998992516,0.002626674399798503,0.0014421910018427297,0.0043093770000268705,0.0007217679159399707,0,1.0,9
sparqlwrapper,SELECT,select_optional,339.0686409769784,0.14746276699588634,0.002949255339917727,0.0017080830002669245,0.005147602001670748,0.0008920356670012736,0,1.0,9
sparqlwrapper,SELECT,select_join,204.76457348757285,0.2441828640003223,0.0048836572800064456,0.0016049149999162182,0.07881345699570375,0.010753257104978407,0,1.0,9
sparqlwrapper,ASK,ask_exists,767.0472569454471,0.0651850320136873,0.001303700640273746,0.0006040490043233149,0.0027585880015976727,0.0005080123082967289,0,1.0,9
sparqlwrapper,ASK,ask_not_exists,777.8882349422814,0.06427658595930552,0.0012855317191861103,0.0005315140006132424,0.00272395700449124,0.0005251153209224257,0,1.0,9
sparqlwrapper,CONSTRUCT,construct_simple,164.34681550439592,0.30423467498621903,0.00608469349972438,0.004745929996715859,0.008329933996719774,0.0008715979840227601,0,1.0,9
sparqlwrapper,DESCRIBE,describe,332.28526575651307,0.1504731179884402,0.0030094623597688042,0.001317281996307429,0.006057037004211452,0.0013738767475164311,0,1.0,9
sparqlwrapper,INSERT,insert_data,179.56486928053036,0.2784509030097979,0.005569018060195958,0.004365689994301647,0.007589540000481065,0.0008262815664521242,0,1.0,9
sparqlwrapper,DELETE,delete_data,177.78452817272455,0.2812393210697337,0.005624786421394674,0.004718816002423409,0.008178824005881324,0.0007737968284592253,0,1.0,9
sparqlwrapper,UPDATE,update_where,648.1567696839375,0.07714183101779781,0.0015428366203559562,0.0008511560008628294,0.0038745179990655743,0.0006124283227273373,0,1.0,9
sparqlite,SELECT,select_simple,433.5412330808751,0.11532928400993114,0.002306585680198623,0.0015685340040363371,0.004729056003270671,0.000648085551690638,0,1.0,9
sparqlite,SELECT,select_filter,653.6386716665107,0.0764948620198993,0.001529897240397986,0.0011149689962621778,0.0022671179976896383,0.0003264960131761531,0,1.0,9
sparqlite,SELECT,select_optional,595.3567909799921,0.08398325299640419,0.0016796650599280839,0.001164718996733427,0.0035133690034854226,0.00047046801943493883,0,1.0,9
sparqlite,SELECT,select_join,312.75561313523485,0.1598692330371705,0.00319738466074341,0.0011649540028884076,0.0762888999961433,0.010558079512064788,0,1.0,9
sparqlite,ASK,ask_exists,2762.5615808840753,0.01809914405021118,0.0003619828810042236,0.0002333370066480711,0.001142001994594466,0.00017391017229122162,0,1.0,9
sparqlite,ASK,ask_not_exists,2670.9547265264578,0.01871989798382856,0.0003743979596765712,0.00024292900343425572,0.0008214510016841814,0.0001438540599764875,0,1.0,9
sparqlite,CONSTRUCT,construct_simple,273.8469812619679,0.18258371799311135,0.003651674359862227,0.002713420006330125,0.006060884996259119,0.0006655258290754895,0,1.0,9
sparqlite,DESCRIBE,describe,660.360488254106,0.07571621998795308,0.0015143243997590616,0.0008901350011001341,0.003927974998077843,0.0006756234848407073,0,1.0,9
sparqlite,INSERT,insert_data,309.4837577580839,0.16155936699942686,0.0032311873399885373,0.002428489002340939,0.005387978002545424,0.0005452866044273716,0,1.0,9
sparqlite,DELETE,delete_data,295.3333903782945,0.16930019303254085,0.003386003860650817,0.0024981170063256286,0.004660432001401205,0.0005513443189099303,0,1.0,9
sparqlite,UPDATE,update_where,1578.479042502574,0.03167606198985595,0.0006335212397971191,0.0004887079994659871,0.0015821620036149397,0.00018914732671863608,0,1.0,9
sparqlwrapper,SELECT,select_simple,327.9332369768209,0.1524700590307475,0.0030494011806149503,0.001976614003069699,0.005616724003630225,0.0007850198330887756,0,1.0,10
sparqlwrapper,SELECT,select_filter,378.68722832416904,0.1320350839960156,0.002640701679920312,0.0014612779996241443,0.0057864569971570745,0.0009282602415556088,0,1.0,10
sparqlwrapper,SELECT,select_optional,376.2109307344744,0.132904166028311,0.00265808332056622,0.0015027850022306666,0.004590128002746496,0.0007829930163161501,0,1.0,10
sparqlwrapper,SELECT,select_join,245.90685458280112,0.20332902100199135,0.004066580420039827,0.0015175919979810715,0.07075352499668952,0.009655021075689265,0,1.0,10
sparqlwrapper,ASK,ask_exists,726.2197242649229,0.06884968602389563,0.0013769937204779125,0.0005006190040148795,0.0026251060044160113,0.0005258226574840182,0,1.0,10
sparqlwrapper,ASK,ask_not_exists,864.3684687227025,0.0578457010051352,0.001156914020102704,0.0005285709994495846,0.002980883997224737,0.0005723793458355286,0,1.0,10
sparqlwrapper,CONSTRUCT,construct_simple,161.37105392337526,0.30984491198614705,0.006196898239722941,0.004916837002383545,0.009377244001370855,0.000992526580668453,0,1.0,10
sparqlwrapper,DESCRIBE,describe,428.41093111848545,0.11671037400810746,0.0023342074801621492,0.0012254930043127388,0.004736395996587817,0.0008032401872559231,0,1.0,10
sparqlwrapper,INSERT,insert_data,175.5561205233422,0.2848092100175563,0.005696184200351126,0.0042714000010164455,0.007556053998996504,0.0009071563447922475,0,1.0,10
sparqlwrapper,DELETE,delete_data,182.39832389468285,0.27412532600283157,0.005482506520056631,0.004124350001802668,0.007177481005783193,0.0007150881693006418,0,1.0,10
sparqlwrapper,UPDATE,update_where,653.788651781595,0.07647731398174074,0.0015295462796348148,0.000871997996000573,0.003886457998305559,0.0006174098080847719,0,1.0,10
sparqlite,SELECT,select_simple,472.11898944242495,0.10590550500637619,0.0021181101001275238,0.0014720269973622635,0.0037629700018442236,0.0004829450284834748,0,1.0,10
sparqlite,SELECT,select_filter,673.723579762958,0.074214413005393,0.00148428826010786,0.001071067999873776,0.0025873490012600087,0.0003731403012338912,0,1.0,10
sparqlite,SELECT,select_optional,324.5943784292084,0.15403840399812907,0.0030807680799625815,0.0011754520019167103,0.07060917000490008,0.009760281589444543,0,1.0,10
sparqlite,SELECT,select_join,618.9652895933015,0.08077997399959713,0.0016155994799919426,0.001166736001323443,0.0028915180009789765,0.00041905293537921896,0,1.0,10
sparqlite,ASK,ask_exists,2842.7276312682357,0.017588740985956974,0.0003517748197191395,0.0002345729953958653,0.0013793710022582673,0.00022176586678538038,0,1.0,10
sparqlite,ASK,ask_not_exists,2513.3768216522076,0.019893554985173978,0.0003978710997034796,0.0002456340007483959,0.0008559030029573478,0.0001563093414385951,0,1.0,10
sparqlite,CONSTRUCT,construct_simple,256.52973347279084,0.19490918001247337,0.0038981836002494673,0.0026925540005322546,0.00770783700136235,0.001127183583623633,0,1.0,10
sparqlite,DESCRIBE,describe,827.94020003602,0.060390834987629205,0.001207816699752584,0.0008045819995459169,0.003178004997607786,0.0004305446617179449,0,1.0,10
sparqlite,INSERT,insert_data,322.32450321846056,0.1551231740086223,0.003102463480172446,0.0023532790000899695,0.004859364002186339,0.0005106879804860087,0,1.0,10
sparqlite,DELETE,delete_data,317.34071521385243,0.15755936002824455,0.0031511872005648913,0.0024225559973274358,0.00480533000518335,0.000510159510294809,0,1.0,10
sparqlite,UPDATE,update_where,1379.5435527507443,0.03624387204035884,0.0007248774408071767,0.0005289179971441627,0.0017252590041607618,0.00021717047022503177,0,1.0,10
rdflib,SELECT,select_simple,217.9094114635779,0.22945314598473487,0.004589062919694698,0.0019369609944988042,0.07190980399900582,0.009760552581008433,0,1.0,10
rdflib,SELECT,select_filter,337.73212763102663,0.1480463240222889,0.002960926480445778,0.0018714159959927201,0.005298903997754678,0.000766419338154557,0,1.0,10
rdflib,SELECT,select_optional,298.7544247288282,0.16736153797683073,0.0033472307595366147,0.0018014859961112961,0.005980406996968668,0.0010784320146066074,0,1.0,10
rdflib,SELECT,select_join,237.91611331721802,0.2101581070019165,0.00420316214003833,0.0017937990050995722,0.0684411469992483,0.00929896142061774,0,1.0,10
rdflib,ASK,ask_exists,1009.3181671531346,0.049538392973772716,0.0009907678594754544,0.0005120210043969564,0.002610442999866791,0.0004847640523184372,0,1.0,10
rdflib,ASK,ask_not_exists,1181.1418792944105,0.04233191700041061,0.0008466383400082123,0.0004823829949600622,0.0026570580012048595,0.00039509021022444437,0,1.0,10
rdflib,CONSTRUCT,construct_simple,222.32328249855462,0.2248977229828597,0.0044979544596571944,0.0032825919988681562,0.007722214002569672,0.0010270179105021874,0,1.0,10
rdflib,DESCRIBE,describe,473.6952390131448,0.10555309803021373,0.0021110619606042745,0.0010896450039581396,0.00419291399884969,0.0007245743254636029,0,1.0,10
rdflib,INSERT,insert_data,267.3426814796035,0.18702587900770595,0.0037405175801541193,0.002680869001778774,0.0058444070018595085,0.000677786417185281,0,1.0,10
rdflib,DELETE,delete_data,272.546819988667,0.18345471798966173,0.0036690943597932346,0.002653204996022396,0.0052191599970683455,0.0006557254798621656,0,1.0,10
rdflib,UPDATE,update_where,670.9185185851466,0.0745246980295633,0.0014904939605912659,0.0007929800049168989,0.0038141530021675862,0.0006920268196132939,0,1.0,10
